弱电间,列1,序列号,列2,列3,列4,列5,列6,过线柜弱电间侧,列7,列8,过线柜机房侧,列9,列10,机房机柜侧,列11,列12,列13,列14,列15
B1,B-4#,102376880710,内网POE交换机,12U,XG0/0/3,41U,2口,内网2柜-正,40U,26口,内网2柜-正,12U,44口,B12,背-38U,44口,无线汇聚7706-1,15-24U,XGE5/0/18
B1,B-4#,102376880710,内网POE交换机,12U,XG0/0/4,41U,14口,内网2柜-正,40U,38口,内网2柜-正,10U,44口,B12,背-36U,44口,无线汇聚7706-2,3-12U,XGE5/0/18
1F,9#,102376880727,内网POE交换机,6U,XG0/0/3,41U,2口,内网2柜-正,20U,2口,内网3柜-正,10U,43口,B12,背-34U,43口,无线汇聚7706-1,15-24U,XGE5/0/0
1F,9#,102376880727,内网POE交换机,6U,XG0/0/4,41U,14口,内网2柜-正,20U,14口,内网3柜-正,6U,43口,B12,背-32U,43口,无线汇聚7706-2,3-12U,XGE5/0/0
1F,12#,102376880851,内网POE交换机,11U,XG0/0/3,41U,2口,内网2柜-正,18U,26口,内网2柜-正,12U,34口,B12,背-38U,34口,无线汇聚7706-1,15-24U,XGE5/0/1
1F,12#,102376880851,内网POE交换机,11U,XG0/0/4,41U,14口,内网2柜-正,18U,38口,内网2柜-正,10U,34口,B12,背-36U,34口,无线汇聚7706-2,3-12U,XGE5/0/1
1F,12#,102377155611,内网POE交换机,17U,XG0/0/3,41U,3口,内网2柜-正,18U,27口,内网2柜-正,12U,43口,B12,背-38U,43口,无线汇聚7706-1,15-24U,XGE5/0/2
1F,12#,102377155611,内网POE交换机,17U,XG0/0/4,41U,15口,内网2柜-正,18U,39口,内网2柜-正,10U,43口,B12,背-36U,43口,无线汇聚7706-2,3-12U,XGE5/0/2
2F,2#,102377155414,内网POE交换机,12U,XG0/0/3,41U,2口,内网2柜-背,42U,26口,内网2柜-正,8U,41口,B13,背-38U,41口,无线汇聚7706-3,15-24U,XGE5/0/0
2F,2#,102377155414,内网POE交换机,12U,XG0/0/4,41U,14口,内网2柜-背,42U,38口,内网2柜-正,6U,41口,B13,背-36U,41口,无线汇聚7706-4,3-12U,XGE5/0/0
3F,1#,102377155579,POE交换机,2柜-18U,XG0/0/3,41U,6口,内网2柜-背,26U,6口,内网2柜-正,4U,33口,B13,背-30U,33口,无线汇聚7706-3,15-24U,XGE5/0/14
3F,1#,102377155579,POE交换机,2柜-18U,XG0/0/4,41U,18口,内网2柜-背,26U,18口,内网2柜-正,4U,45口,B13,背-30U,45口,无线汇聚7706-4,3-12U,XGE5/0/14
3F,1#,102376880784,无线POE交换机,2柜-24U,XG0/0/3,41U,3口,无线2柜-背,26U,3口,无线3柜-正,8U,32口,B25,背-36U,32口,无线汇聚7706-3,15-24U,XGE4/0/35
3F,1#,102376880784,无线POE交换机,2柜-24U,XG0/0/4,41U,15口,无线2柜-背,26U,15口,无线3柜-正,8U,44口,B25,背-36U,44口,无线汇聚7706-4,3-12U,XGE4/0/35
3F,1#,102377155432,POE交换机,1柜-12U,XG0/0/3,1柜-40U,3口,无线2柜-背,26U,3口,内网2柜-正,8U,48口,B13,背-38U,42口,无线汇聚7706-3,15-24U,XGE5/0/1
3F,1#,102377155432,POE交换机,1柜-12U,XG0/0/4,1柜-40U,15口,无线2柜-背,26U,15口,内网2柜-正,6U,48口,B13,背-36U,42口,无线汇聚7706-4,3-12U,XGE5/0/1
3F,3#,102376880805,无线POE交换机,33U,XG0/0/3,41U,1口,无线2柜-背,24U,1口,无线1柜-正,8U,5口,B24,背-36U,5口,无线汇聚7706-1,15-24U,XGE5/0/25
3F,3#,102376880805,无线POE交换机,33U,XG0/0/4,41U,13口,无线2柜-背,24U,13口,无线1柜-正,8U,6口,B24,背-36U,6口,无线汇聚7706-2,3-12U,XGE5/0/25
4F,1#,102376880721,内网POE交换机,18U,XG0/0/3,41U,1口,内网3柜-正,42U,1口,内网3柜-正,10U,1口,B12,背-34U,1口,无线汇聚7706-1,15-24U,XGE5/0/3
4F,1#,102376880721,内网POE交换机,18U,XG0/0/4,41U,13口,内网3柜-正,42U,13口,内网3柜-正,6U,1口,B12,背-32U,1口,无线汇聚7706-2,3-12U,XGE5/0/3
4F,1#,102377155419,内网POE交换机,12U,XG0/0/3,41U,2口,内网3柜-正,42U,2口,内网3柜-正,10U,31口,B12,背-34U,31口,无线汇聚7706-1,15-24U,XGE5/0/4
4F,1#,102377155419,内网POE交换机,12U,XG0/0/4,41U,14口,内网3柜-正,42U,14口,内网3柜-正,6U,31口,B12,背-32U,31口,无线汇聚7706-2,3-12U,XGE5/0/4
4F,2#,102376880819,内网POE交换机,18U,XG0/0/3,41U,1口,内网3柜-正,42U,25口,内网3柜-正,10U,2口,B12,背-34U,2口,无线汇聚7706-1,15-24U,XGE5/0/5
4F,2#,102376880819,内网POE交换机,18U,XG0/0/4,41U,13口,内网3柜-正,42U,37口,内网3柜-正,6U,2口,B12,背-32U,2口,无线汇聚7706-2,3-12U,XGE5/0/5
4F,3#,102377155563,内网POE交换机,12U,XG0/0/3,41U,2口,内网3柜-正,40U,2口,内网3柜-正,10U,32口,B12,背-34U,32口,无线汇聚7706-1,15-24U,XGE5/0/6
4F,3#,102377155563,内网POE交换机,12U,XG0/0/4,41U,14口,内网3柜-正,40U,14口,内网3柜-正,6U,32口,B12,背-32U,32口,无线汇聚7706-2,3-12U,XGE5/0/6
4F,4#,102377155623,内网POE交换机,15U,XG0/0/3,41U,1口,内网3柜-正,40U,25口,内网3柜-正,10U,4口,B12,背-34U,4口,无线汇聚7706-1,15-24U,XGE5/0/7
4F,4#,102377155623,内网POE交换机,15U,XG0/0/4,41U,13口,内网3柜-正,40U,37口,内网3柜-正,6U,4口,B12,背-32U,4口,无线汇聚7706-2,3-12U,XGE5/0/7
4F,4#,102377155572,内网POE交换机,9U,XG0/0/3,41U,2口,内网3柜-正,40U,26口,内网3柜-正,10U,33口,B12,背-34U,33口,无线汇聚7706-1,15-24U,XGE5/0/8
4F,4#,102377155572,内网POE交换机,9U,XG0/0/4,41U,14口,内网3柜-正,40U,38口,内网3柜-正,6U,33口,B12,背-32U,33口,无线汇聚7706-2,3-12U,XGE5/0/8
4F,13#,102377155561,无线POE交换机,33U,XG0/0/3,41U,1口,无线3柜-正,34U,25口,无线3柜-正,12U,10口,B24,背-38U,10口,无线汇聚7706-1,15-24U,XGE4/0/20
4F,15#,102376880768,无线POE交换机,12U,XG0/0/3,38U,1口,无线3柜-正,32U,1口,无线3柜-正,12U,11口,B24,背-38U,11口,无线汇聚7706-1,15-24U,XGE4/0/21
4F,16#,102376880724,无线POE交换机,24U,XG0/0/3,38U,1口,无线3柜-正,32U,25口,无线3柜-正,12U,12口,B24,背-38U,12口,无线汇聚7706-1,15-24U,XGE4/0/22
5F,1#,102377155629,无线POE交换机,30U,XG0/0/3,41U,1口,无线3柜-正,30U,1口,无线3柜-正,12U,13口,B24,背-38U,13口,无线汇聚7706-1,15-24U,XGE4/0/23
5F,1#,102377155629,无线POE交换机,30U,XG0/0/4,41U,13口,无线3柜-正,30U,13口,无线3柜-正,12U,37口,B24,背-38U,37口,无线汇聚7706-2,3-12U,XGE4/0/23
5F,2#,102376880754,POE交换机,12U,XG0/0/3,41U,1口,无线3柜-正,30U,25口,无线3柜-正,12U,14口,B24,背-34U,14口,无线汇聚7706-1,15-24U,XGE5/0/9
5F,2#,102376880754,POE交换机,12U,XG0/0/4,41U,13口,无线3柜-正,30U,37口,无线3柜-正,12U,38口,B24,背-34U,38口,无线汇聚7706-2,3-12U,XGE5/0/9
5F,3#,102376880732,无线POE交换机,12U,XG0/0/3,41U,4口,无线3柜-正,28U,4口,无线3柜-正,10U,17口,B25,背-38U,17口,无线汇聚7706-3,15-24U,XGE4/0/33
5F,3#,102376880732,无线POE交换机,12U,XG0/0/4,41U,16口,无线3柜-正,28U,16口,无线3柜-正,10U,41口,B25,背-38U,41口,无线汇聚7706-4,3-12U,XGE4/0/33
5F,3#,102376880774,无线POE交换机,6U,XG0/0/3,41U,2口,无线3柜-正,28U,2口,无线3柜-正,10U,21口,B25,背-38U,21口,无线汇聚7706-3,15-24U,XGE4/0/31
5F,3#,102376880774,无线POE交换机,6U,XG0/0/4,41U,14口,无线3柜-正,28U,14口,无线3柜-正,10U,45口,B25,背-38U,45口,无线汇聚7706-4,3-12U,XGE4/0/31
5F,3#,102376880801,无线POE交换机,6U,XG0/0/3,41U,3口,无线3柜-正,28U,3口,无线3柜-正,10U,22口,B25,背-38U,22口,无线汇聚7706-3,15-24U,XGE4/0/32
5F,3#,102376880801,无线POE交换机,6U,XG0/0/4,41U,15口,无线3柜-正,28U,15口,无线3柜-正,10U,46口,B25,背-38U,46口,无线汇聚7706-4,3-12U,XGE4/0/32
5F,4#,102377155621,内网POE交换机,6U,XG0/0/3,41U,1口,内网3柜-正,28U,25口,内网3柜-正,10U,16口,B12,背-34U,16口,无线汇聚7706-1,15-24U,XGE5/0/11
5F,4#,102377155621,内网POE交换机,6U,XG0/0/4,41U,13口,内网3柜-正,28U,37口,内网3柜-正,6U,16口,B12,背-32U,16口,无线汇聚7706-2,3-12U,XGE5/0/11
2F,6#,2S2350017560,中心AP,27U,XG0/0/3,38U,2口,无线2柜-背,28U,2口,无线2柜-正,12U,10口,B24,背-40U,10口,无线汇聚7706-1,15-24U,XGE3/0/39
2F,6#,2S2350017560,中心AP,27U,XG0/0/4,38U,14口,无线2柜-背,28U,14口,无线2柜-正,12U,34口,B24,背-40U,34口,无线汇聚7706-2,3-12U,XGE3/0/39
5F,3#,2S2350017580,中心AP,33U,XG0/0/3,41U,1口,无线3柜-正,28U,1口,无线3柜-正,12U,15口,B24,背-38U,15口,无线汇聚7706-1,15-24U,XGE4/0/25
5F,3#,2S2350017580,中心AP,33U,XG0/0/4,41U,13口,无线3柜-正,28U,13口,无线3柜-正,12U,39口,B24,背-38U,39口,无线汇聚7706-2,3-12U,XGE4/0/25
5F,4#,102376880718,无线POE交换机,6U,XG0/0/3,41U,3口,无线3柜-正,28U,27口,无线3柜-正,8U,25口,B25,背-36U,25口,无线汇聚7706-3,15-24U,xge4/0/34
5F,4#,102376880718,无线POE交换机,6U,XG0/0/4,41U,15口,无线3柜-正,28U,40口,无线3柜-正,8U,37口,B25,背-36U,37口,无线汇聚7706-4,3-12U,xge4/0/34
6F,1#,,POE交换机,12U&6U&6U,XG0/0/4,41U,1口,内网3柜-正,22U,1口,内网3柜-正,10U,21口,B12,背-34U,21口,无线汇聚7706-1,15-24U,XGE5/0/12
6F,1#,,POE交换机,12U&6U&6U,XG0/0/4,41U,13口,内网3柜-正,22U,13口,内网3柜-正,6U,21口,B12,背-32U,21口,无线汇聚7706-2,3-12U,XGE5/0/12
5F,4#,2S2350016554,中心AP,33U,XG0/0/4,41U,13口,无线3柜-正,28U,37口,无线3柜-正,12U,40口,B24,背-38U,40口,无线汇聚7706-2,3-12U,XGE4/0/26
5F,4#,2S2350016554,中心AP,33U,XG0/0/3,41U,1口,无线3柜-正,28U,25口,无线3柜-正,12U,16口,B24,背-38U,16口,无线汇聚7706-1,15-24U,XGE4/0/26
5F,11#,102377155609,无线POE交换机,18U,XG0/0/3,38U,1口,无线3柜-正,26U,1口,无线3柜-正,12U,17口,B24,背-38U,17口,无线汇聚7706-1,15-24U,XGE4/0/27
5F,13#,102376880799,无线POE交换机,33U,XG0/0/3,41U,1口,无线3柜-正,26U,25口,无线3柜-正,12U,18口,B24,背-38U,18口,无线汇聚7706-1,15-24U,XGE4/0/28
5F,15#,102376880750,无线POE交换机,12U,XG0/0/3,38U,1口,无线3柜-正,24U,1口,无线3柜-正,12U,19口,B24,背-38U,19口,无线汇聚7706-1,15-24U,XGE4/0/29
6F,2#,102376880725,内网POE交换机,6U&12U&12U2,XG0/0/4,41U,1口,内网3柜-正,22U,25口,内网3柜-正,10U,22口,B12,背-34U,22口,无线汇聚7706-1,15-24U,XGE5/0/13
6F,2#,102376880778,内网POE交换机,6U&12U&12U2,XG0/0/4,41U,13口,内网3柜-正,22U,37口,内网3柜-正,6U,22口,B12,背-32U,22口,无线汇聚7706-2,3-12U,XGE5/0/13
5F,16#,102376880772,无线POE交换机,18U,XG0/0/3,38U,1口,无线3柜-正,24U,25口,无线3柜-正,12U,20口,B24,背-38U,20口,无线汇聚7706-1,15-24U,XGE4/0/30
6F,1#,2S2350017382,中心AP,30U,XG0/0/3,41U,2口,无线2柜-背,28U,26口,无线3柜-正,12U,21口,B24,背-38U,21口,无线汇聚7706-1,15-24U,XGE4/0/31
6F,2#,2S2350017807,中心AP,33U,XG0/0/4,41U,13口,无线3柜-正,22U,37口,无线3柜-正,12U,46口,B24,背-38U,46口,无线汇聚7706-2,3-12U,XGE4/0/32
6F,2#,2S2350017807,中心AP,33U,XG0/0/3,41U,1口,无线3柜-正,22U,25口,无线3柜-正,12U,22口,B24,背-38U,22口,无线汇聚7706-1,15-24U,XGE4/0/32
6F,3#,102377155634,内网POE交换机,12U,XG0/0/3,41U,1口,内网3柜-正,20U,1口,内网3柜-正,10U,23口,B12,背-34U,23口,无线汇聚7706-1,15-24U,XGE5/0/14
6F,3#,102377155634,内网POE交换机,12U,XG0/0/4,41U,13口,内网3柜-正,20U,13口,内网3柜-正,6U,23口,B12,背-32U,23口,无线汇聚7706-2,3-12U,XGE5/0/14
6F,4#,2S2350016461,中心AP,33U,XG0/0/4,41U,13口,无线3柜-正,20U,37口,无线3柜-正,12U,48口,B24,背-38U,48口,无线汇聚7706-2,3-12U,XGE4/0/34
6F,4#,2S2350016461,中心AP,33U,XG0/0/3,41U,1口,无线3柜-正,20U,25口,无线3柜-正,12U,24口,B24,背-38U,24口,无线汇聚7706-1,15-24U,XGE4/0/34
4F,1#,2S2350018064,中心AP,33U,XG0/0/3,41U,1口,无线3柜-正,42U,1口,无线3柜-正,12U,1口,B24,背-38U,1口,无线汇聚7706-1,15-24U,XGE4/0/11
4F,1#,2S2350018064,中心AP,33U,XG0/0/4,41U,13口,无线3柜-正,42U,13口,无线3柜-正,12U,25口,B24,背-38U,25口,无线汇聚7706-2,3-12U,XGE4/0/11
4F,2#,2S2350017806,中心AP,33U,XG0/0/3,41U,1口,无线3柜-正,42U,25口,无线3柜-正,12U,2口,B24,背-38U,2口,无线汇聚7706-1,15-24U,XGE4/0/12
4F,2#,2S2350017806,中心AP,33U,XG0/0/4,41U,13口,无线3柜-正,42U,37口,无线3柜-正,12U,26口,B24,背-38U,26口,无线汇聚7706-2,3-12U,XGE4/0/12
3F,12#,2S2350017561,中心AP,21U,XG0/0/3,38U,2口,无线2柜-背,18U,26口,无线2柜-正,10U,21口,B25,背-40U,21口,无线汇聚7706-3,15-24U,XGE4/0/2
3F,12#,2S2350017561,中心AP,21U,XG0/0/4,38U,14口,无线2柜-背,18U,38口,无线2柜-正,10U,45口,B25,背-40U,45口,无线汇聚7706-4,3-12U,XGE4/0/2
7F,1#,102377155612,内网POE交换机,12U,XG0/0/3,41U,1口,内网3柜-正,14U,1口,内网3柜-正,10U,29口,B12,背-34U,29口,无线汇聚7706-1,15-24U,XGE5/0/16
7F,1#,102377155612,内网POE交换机,12U,XG0/0/4,41U,13口,内网3柜-正,14U,13口,内网3柜-正,6U,29口,B12,背-32U,29口,无线汇聚7706-2,3-12U,XGE5/0/16
7F,1#,102376880809,无线POE交换机,6U,XG0/0/3,2柜-41U,3口,无线3柜-正,16U,3口,无线3柜-正,10U,20,B25,背-38U,20,无线汇聚7706-3,15-24U,XGE4/0/30
7F,1#,102376880809,无线POE交换机,6U,XG0/0/4,2柜-41U,15口,无线3柜-正,16U,15口,无线3柜-正,10U,44,B25,背-38U,44,无线汇聚7706-4,3-12U,XGE4/0/30
7F,1#,102376880770,无线POE交换机,6U,XG0/0/3,2柜-41U,2口,无线3柜-正,16U,2口,无线3柜-正,10U,19,B25,背-38U,19,无线汇聚7706-3,15-24U,XGE4/0/29
7F,1#,102376880770,无线POE交换机,6U,XG0/0/4,2柜-41U,14口,无线3柜-正,16U,14口,无线3柜-正,10U,43,B25,背-38U,43,无线汇聚7706-4,3-12U,XGE4/0/29
7F,2#,102376880826,内网POE交换机,6U&6U2&12U,XG0/0/4,41U,1口,内网3柜-正,14U,25口,内网3柜-正,10U,30口,B12,背-34U,30口,无线汇聚7706-1,15-24U,XGE5/0/17
7F,2#,102377155607,内网POE交换机,6U&6U2&12U,XG0/0/4,41U,13口,内网3柜-正,14U,37口,内网3柜-正,6U,30口,B12,背-32U,30口,无线汇聚7706-2,3-12U,XGE5/0/17
7F,3#,102376880712,内网POE交换机,25U&12U&U&6U,XG0/0/4,41U,1口,内网3柜-背,42U,1口,内网3柜-正,8U,1口,B13,背-34U,1口,无线汇聚7706-3,15-24U,XGE5/0/3
7F,3#,102376880706,内网POE交换机,25U&12U&6U,XG0/0/4,41U,16口,内网3柜-背,42U,16口,内网3柜-正,4U,1口,B13,背-32U,1口,无线汇聚7706-4,3-12U,XGE5/0/3
8F,1#,102376880740,内网POE交换机,6U&12U&6U2,XG0/0/4,41U,1口,内网3柜-背,38U,1口,内网3柜-正,8U,5口,B13,背-34U,5口,无线汇聚7706-3,15-24U,XGE5/0/5
8F,1#,102376880759,内网POE交换机,6U&12U&6U2,XG0/0/4,41U,13口,内网3柜-背,38U,13口,内网3柜-正,4U,5口,B13,背-32U,5口,无线汇聚7706-4,3-12U,XGE5/0/5
8F,2#,102377155610,内网POE交换机,6U&6U2&12U2,XG0/0/4,41U,1口,内网3柜-背,38U,25口,内网3柜-正,8U,6口,B13,背-34U,6口,无线汇聚7706-3,15-24U,XGE5/0/6
8F,2#,02376880775,内网POE交换机,6U&6U2&12U2,XG0/0/4,41U,13口,内网3柜-背,38U,37口,内网3柜-正,4U,6口,B13,背-32U,6口,无线汇聚7706-4,3-12U,XGE5/0/6
8F,3#,102376880782,内网POE交换机,6U,XG0/0/3,41U,1口,内网3柜-背,36U,1口,内网3柜-正,8U,7口,B13,背-34U,7口,无线汇聚7706-3,15-24U,XGE5/0/7
8F,3#,102376880782,内网POE交换机,6U,XG0/0/4,41U,13口,内网3柜-背,36U,13口,内网3柜-正,4U,7口,B13,背-32U,7口,无线汇聚7706-4,3-12U,XGE5/0/7
8F,3#,102376880797,无线POE交换机,12U,XG0/0/3,41U,2口,无线3柜-背,36U,2口,无线3柜-正,8U,32口,B25,背-36U,32口,无线汇聚7706-3,15-24U,
8F,3#,102376880797,无线POE交换机,12U,XG0/0/4,41U,14口,无线3柜-背,36U,14口,无线3柜-正,8U,44口,B25,背-36U,44口,无线汇聚7706-4,3-12U,
9F,1#,102377155585,内网POE交换机,12U&6U&25U,XG0/0/4,41U,1口,内网3柜-背,32U,1口,内网3柜-正,8U,11口,B13,背-34U,11口,无线汇聚7706-3,15-24U,XGE5/0/9
9F,1#,102377155635,内网POE交换机,12U&6U&25U,XG0/0/4,41U,13口,内网3柜-背,32U,13口,内网3柜-正,4U,11口,B13,背-32U,11口,无线汇聚7706-4,3-12U,XGE5/0/9
9F,2#,102377155624,内网POE交换机,6U&25U&12U,XG0/0/4,41U,1口,内网3柜-背,32U,25口,内网3柜-正,8U,12口,B13,背-34U,12口,无线汇聚7706-3,15-24U,XGE5/0/10
9F,2#,102376880758,内网POE交换机,6U&25U&12U,XG0/0/4,41U,13口,内网3柜-背,32U,37口,内网3柜-正,4U,12口,B13,背-32U,12口,无线汇聚7706-4,3-12U,XGE5/0/10
9F,3#,102376880790,POE交换机,6U&12U,XG0/0/4,41U,1口,内网3柜-背,30U,1口,内网3柜-正,8U,13口,B13,背-34U,13口,无线汇聚7706-3,15-24U,XGE5/0/11
9F,3#,102377155615,POE交换机,12U&6U,XG0/0/4,41U,13口,内网3柜-背,30U,13口,内网3柜-正,4U,13口,B13,背-32U,13口,无线汇聚7706-4,3-12U,XGE5/0/11
9F,3#,102377155580,无线POE交换机,2柜12U,XG0/0/3,41U,2口,无线3柜-背,30U,2口,无线3柜-正,10U,8口,B25,背-38U,8口,无线汇聚7706-3,15-24U,XGE5/0/21
9F,3#,102377155580,无线POE交换机,2柜12U,XG0/0/4,41U,14口,无线3柜-背,30U,14口,无线3柜-正,10U,32口,B25,背-38U,32口,无线汇聚7706-4,3-12U,XGE5/0/21
9F,4#,102377155628,内网POE交换机,6U,XG0/0/3,41U,1口,内网3柜-背,30U,25口,内网3柜-正,8U,14口,B13,背-34U,14口,无线汇聚7706-3,15-24U,XGE5/0/12
9F,4#,102377155628,内网POE交换机,6U,XG0/0/4,41U,13口,内网3柜-背,30U,37口,内网3柜-正,4U,14口,B13,背-32U,14口,无线汇聚7706-4,3-12U,XGE5/0/12
9F,4#,102376880853,无线POE交换机,12U&2柜25U,XG0/0/4,41U,2口,无线3柜-背,30U,26口,无线3柜-正,10U,18口,B25,背-38U,18口,无线汇聚7706-3,15-24U,XGE5/0/22
9F,4#,102376880787,无线POE交换机,2柜25U&12U,XG0/0/4,41U,14口,无线3柜-背,30U,38口,无线3柜-正,10U,42口,B25,背-38U,42口,无线汇聚7706-4,3-12U,XGE5/0/22
B3,1#,102376880762,无线POE交换机,24U,XG0/0/3,38U,1口,无线1柜-正,42U,1口,无线1柜-正,12U,1口,B24,背-42U,1口,无线汇聚7706-1,15-24U,XGE3/0/0
B3,1#,102376880762,无线POE交换机,24U,XG0/0/4,38U,13口,无线1柜-正,42U,13口,无线1柜-正,12U,25口,B24,背-42U,25口,无线汇聚7706-2,3-12U,XGE3/0/0
B3,2#,102376880808,无线POE交换机,18U,XG0/0/3,38U,1口,无线1柜-正,42U,25口,无线1柜-正,12U,2口,B24,背-42U,2口,无线汇聚7706-1,15-24U,XGE3/0/1
B3,2#,102376880808,无线POE交换机,18U,XG0/0/4,38U,13口,无线1柜-正,42U,37口,无线1柜-正,12U,26口,B24,背-42U,26口,无线汇聚7706-2,3-12U,XGE3/0/1
B3,防化值班2#,102376880763,无线POE交换机,24U,XG0/0/3,38U,1口,无线1柜-正,40U,1口,无线1柜-正,12U,3口,B24,背-42U,3口,无线汇聚7706-1,15-24U,XGE3/0/2
B3,防化值班2#,102376880763,无线POE交换机,24U,XG0/0/4,38U,13口,无线1柜-正,40U,13口,无线1柜-正,12U,27口,B24,背-42U,27口,无线汇聚7706-2,3-12U,XGE3/0/2
B3,4#,,空余,,,38U,1口,无线1柜-正,40U,25口,无线1柜-正,12U,4口,B24,背-42U,4口,无线汇聚7706-1,15-24U,
B3,4#,,空余,,,38U,13口,无线1柜-正,40U,37口,无线1柜-正,12U,28口,B24,背-42U,28口,无线汇聚7706-2,3-12U,
B3,5#,102376880827,无线POE交换机,24U,XG0/0/3,38U,1口,无线1柜-正,38U,1口,无线1柜-正,12U,5口,B24,背-42U,5口,无线汇聚7706-1,15-24U,XGE3/0/4
B3,5#,102376880827,无线POE交换机,24U,XG0/0/4,38U,13口,无线1柜-正,38U,13口,无线1柜-正,12U,29口,B24,背-42U,29口,无线汇聚7706-2,3-12U,XGE3/0/4
B3,7#,102376880828,无线POE交换机,27U,XG0/0/3,38U,1口,无线1柜-正,38U,25口,无线1柜-正,12U,6口,B24,背-42U,6口,无线汇聚7706-1,15-24U,XGE3/0/5
B3,7#,102376880828,无线POE交换机,27U,XG0/0/4,38U,13口,无线1柜-正,38U,37口,无线1柜-正,12U,30口,B24,背-42U,30口,无线汇聚7706-2,3-12U,XGE3/0/5
B3,8#,102376880852,无线POE交换机,24U,XG0/0/3,38U,1口,无线1柜-正,36U,1口,无线1柜-正,12U,7口,B24,背-42U,7口,无线汇聚7706-1,15-24U,XGE3/0/6
B3,8#,102376880852,无线POE交换机,24U,XG0/0/4,38U,15口,无线1柜-正,36U,15口,无线1柜-正,12U,31口,B24,背-42U,31口,无线汇聚7706-2,3-12U,XGE3/0/6
B3,10#,102376880846,无线POE交换机,27U,XG0/0/3,38U,1口,无线1柜-正,36U,25口,无线1柜-正,12U,8口,B24,背-42U,8口,无线汇聚7706-1,15-24U,XGE3/0/7
B3,10#,102376880846,无线POE交换机,27U,XG0/0/4,38U,13口,无线1柜-正,36U,37口,无线1柜-正,12U,32口,B24,背-42U,32口,无线汇聚7706-2,3-12U,XGE3/0/7
B3,B-1#,102376880711,无线POE交换机,24U,XG0/0/3,38U,1口,无线1柜-正,34U,25口,无线1柜-正,12U,10口,B24,背-42U,10口,无线汇聚7706-1,15-24U,XGE3/0/9
B3,B-1#,102376880711,无线POE交换机,24U,XG0/0/4,38U,13口,无线1柜-正,34U,37口,无线1柜-正,12U,34口,B24,背-42U,34口,无线汇聚7706-2,3-12U,XGE3/0/9
B3,14#,102376880833,无线POE交换机,27U,XG0/0/3,41U,1口,无线1柜-正,30U,1口,无线1柜-正,12U,13口,B24,背-42U,13口,无线汇聚7706-1,15-24U,XGE3/0/12
B3,14#,102376880833,无线POE交换机,27U,XG0/0/4,41U,13口,无线1柜-正,30U,13口,无线1柜-正,12U,37口,B24,背-42U,37口,无线汇聚7706-2,3-12U,XGE3/0/12
B3,15#,102376880784,无线POE交换机,21U,XG0/0/3,38U,1口,无线1柜-正,30U,25口,无线1柜-正,12U,14口,B24,背-42U,14口,无线汇聚7706-1,15-24U,XGE3/0/13
B3,15#,102376880784,无线POE交换机,21U,XG0/0/4,38U,13口,无线1柜-正,30U,37口,无线1柜-正,12U,38口,B24,背-42U,38口,无线汇聚7706-2,3-12U,XGE3/0/13
B3,15-2#,,无线POE交换机,27U,XG0/0/3,38U,1口,无线1柜-正,28U,1口,无线1柜-正,12U,15口,B24,背-42U,15口,无线汇聚7706-1,15-24U,XGE3/0/14
B3,15-2#,,无线POE交换机,27U,XG0/0/4,38U,13口,无线1柜-正,28U,13口,无线1柜-正,12U,39口,B24,背-42U,39口,无线汇聚7706-2,3-12U,XGE3/0/14
B3,防化值班3#,102376880736,无线POE交换机,27U,XG0/0/3,38U,1口,无线1柜-正,28U,25口,无线1柜-正,12U,16口,B24,背-42U,16口,无线汇聚7706-1,15-24U,XGE3/0/15
B3,防化值班3#,102376880736,无线POE交换机,27U,XG0/0/4,38U,13口,无线1柜-正,28U,37口,无线1柜-正,12U,40口,B24,背-42U,40口,无线汇聚7706-2,3-12U,XGE3/0/15
B3,防化值班4#,,无线POE交换机,27U,XG0/0/3,38U,1口,无线1柜-正,26U,25口,无线1柜-正,12U,18口,B24,背-42U,18口,无线汇聚7706-1,15-24U,XGE3/0/17
B3,防化值班4#,,无线POE交换机,27U,XG0/0/4,38U,13口,无线1柜-正,26U,37口,无线1柜-正,12U,42口,B24,背-42U,42口,无线汇聚7706-2,3-12U,XGE3/0/17
B3,B-3#,102376880712,无线POE交换机,25U&12U&6U,XG0/0/4,38U,1口,无线1柜-正,24U,1口,无线1柜-正,12U,19口,B24,背-42U,19口,无线汇聚7706-1,15-24U,XGE3/0/18
B3,B-3#,102376880843,无线POE交换机,25U&12U&6U,XG0/0/4,38U,13口,无线1柜-正,24U,13口,无线1柜-正,12U,43口,B24,背-42U,43口,无线汇聚7706-2,3-12U,XGE3/0/18
B2,1#,102376880751,无线POE交换机,24U,XG0/0/3,38U,1口,无线1柜-正,22U,1口,无线1柜-正,12U,21口,B24,背-42U,21口,无线汇聚7706-1,15-24U,XGE3/0/20
B2,1#,102376880751,无线POE交换机,24U,XG0/0/4,38U,13口,无线1柜-正,22U,13口,无线1柜-正,12U,45口,B24,背-42U,45口,无线汇聚7706-2,3-12U,XGE3/0/20
B2,2#,102377155617,无线POE交换机,27U,XG0/0/3,38U,1口,无线1柜-正,20U,1口,无线1柜-正,12U,23口,B24,背-42U,23口,无线汇聚7706-1,15-24U,XGE3/0/22
B2,2#,102377155617,无线POE交换机,27U,XG0/0/4,38U,13口,无线1柜-正,20U,13口,无线1柜-正,12U,47口,B24,背-42U,47口,无线汇聚7706-2,3-12U,XGE3/0/22
B2,2-2#,102376880814,无线POE交换机,18U,XG0/0/3,38U,1口,无线1柜-正,20U,25口,无线1柜-正,12U,24口,B24,背-42U,24口,无线汇聚7706-1,15-24U,XGE3/0/23
B2,2-2#,102376880814,无线POE交换机,18U,XG0/0/4,38U,13口,无线1柜-正,20U,37口,无线1柜-正,12U,48口,B24,背-42U,48口,无线汇聚7706-2,3-12U,XGE3/0/23
B2,3#,,空余,,,38U,1口,无线1柜-正,18U,1口,无线1柜-正,8U,1口,B24,背-36U,1口,无线汇聚7706-1,15-24U,
B2,3#,,空余,,,38U,13口,无线1柜-正,18U,13口,无线1柜-正,8U,2口,B24,背-36U,2口,无线汇聚7706-2,3-12U,
B2,4#,102376880829,无线POE交换机,27U,XG0/0/3,38U,1口,无线1柜-正,18U,25口,无线3柜-正,8U,4口,B24,背-36U,3口,无线汇聚7706-1,15-24U,XGE3/0/25
B2,4#,102376880829,无线POE交换机,27U,XG0/0/4,38U,13口,无线1柜-正,18U,37口,无线3柜-正,8U,3口,B24,背-36U,4口,无线汇聚7706-2,3-12U,XGE3/0/25
B2,4-1#,102376880804,无线POE交换机,21U,XG0/0/4,38U,1口,无线1柜-正,16U,1口,无线3柜-正,8U,5口,B24,背-36U,5口,无线汇聚7706-1,15-24U,XGE3/0/26
B2,4-1#,4E2390024755,POE交换机,27U,XG0/0/4,38U,13口,无线1柜-正,16U,13口,无线3柜-正,8U,6口,B24,背-36U,6口,无线汇聚7706-2,3-12U,XGE3/0/26
B2,4-3#,102376880792,无线POE交换机,12U,XG0/0/3,38U,1口,无线1柜-正,16U,25口,无线1柜-正,8U,7口,B24,背-36U,31口,无线汇聚7706-1,15-24U,XGE3/0/27
B2,4-3#,102376880792,无线POE交换机,12U,XG0/0/4,38U,13口,无线1柜-正,16U,37口,无线1柜-正,8U,8口,B24,背-36U,32口,无线汇聚7706-2,3-12U,XGE3/0/27
B2,5#,102376328046,无线POE交换机,24U,XG0/0/3,38U,1口,无线1柜-正,14U,37口,无线1柜-正,8U,3口,B24,背-36U,27口,无线汇聚7706-1,15-24U,XGE3/0/28
B2,5#,102376328046,无线POE交换机,24U,XG0/0/4,38U,13口,无线1柜-正,14U,13口,无线1柜-正,8U,4口,B24,背-36U,28口,无线汇聚7706-2,3-12U,XGE3/0/28
B2,6#,102385161903,无线POE交换机,27U,XG0/0/3,38U,1口,无线1柜-正,14U,25口,无线1柜-正,8U,11口,B24,背-36U,11口,无线汇聚7706-1,15-24U,XGE3/0/29
B2,6#,102385161903,无线POE交换机,27U,XG0/0/4,38U,13口,无线3柜-正,14U,37口,无线1柜-正,8U,12口,B24,背-36U,12口,无线汇聚7706-2,3-12U,XGE3/0/29
B2,7#,102376880749,无线POE交换机,24U,XG0/0/3,38U,1口,无线1柜-背,42U,1口,无线1柜-正,10U,1口,B25,背-42U,1口,无线汇聚7706-3,15-24U,XGE3/0/0
B2,7#,102376880749,无线POE交换机,24U,XG0/0/4,38U,13口,无线1柜-背,42U,13口,无线1柜-正,10U,25口,B25,背-42U,25口,无线汇聚7706-4,3-12U,XGE3/0/0
B2,8#,102376880709,无线POE交换机,27U,XG0/0/3,38U,1口,无线1柜-背,42U,25口,无线1柜-正,10U,2口,B25,背-42U,2口,无线汇聚7706-3,15-24U,XGE3/0/1
B2,8#,102376880709,无线POE交换机,27U,XG0/0/4,38U,13口,无线1柜-背,42U,37口,无线1柜-正,10U,26口,B25,背-42U,26口,无线汇聚7706-4,3-12U,XGE3/0/1
B2,9#,102376880780,无线POE交换机,27U,XG0/0/3,38U,1口,无线1柜-背,40U,1口,无线1柜-正,10U,3口,B25,背-42U,3口,无线汇聚7706-3,15-24U,XGE3/0/2
B2,9#,102376880780,无线POE交换机,27U,XG0/0/4,38U,13口,无线1柜-背,40U,13口,无线1柜-正,10U,27口,B25,背-42U,27口,无线汇聚7706-4,3-12U,XGE3/0/2
B2,10#,0W20011601015,无线POE交换机,25U,XG0/0/3,38U,1口,无线1柜-背,40U,25口,无线1柜-正,10U,4口,B25,背-42U,4口,无线汇聚7706-3,15-24U,XGE3/0/3
B2,14-1#,102376880816,无线POE交换机,18U,XG0/0/3,38U,13口,无线1柜-背,38U,13口,无线1柜-正,10U,5口,B25,背-42U,5口,无线汇聚7706-3,15-24U,XGE3/0/4
B2,14-1#,102376880816,无线POE交换机,18U,XG0/0/4,38U,1口,无线1柜-背,38U,1口,无线1柜-正,10U,29口,B25,背-42U,29口,无线汇聚7706-4,3-12U,XGE3/0/4
B2,16#,,POE交换机,,XG0/0/3,41U,1口,无线1柜-背,38U,25口,无线1柜-正,10U,6口,B25,背-42U,6口,无线汇聚7706-3,15-24U,XGE3/0/5
B2,16#,,POE交换机,,XG0/0/4,41U,13口,无线1柜-背,38U,38口,无线1柜-正,10U,30口,B25,背-42U,30口,无线汇聚7706-4,3-12U,XGE3/0/5
B2,11#,102376880773,无线POE交换机,27U,XG0/0/3,38U,1口,无线1柜-背,36U,1口,无线1柜-正,10U,7口,B25,背-42U,7口,无线汇聚7706-3,15-24U,XGE3/0/6
B2,11#,102376880773,无线POE交换机,27U,XG0/0/4,38U,13口,无线1柜-背,36U,13口,无线1柜-正,10U,31口,B25,背-42U,31口,无线汇聚7706-4,3-12U,XGE3/0/6
B2,12#,102376880738,无线POE交换机,27U,XG0/0/3,38U,1口,无线1柜-背,36U,25口,无线1柜-正,10U,8口,B25,背-42U,8口,无线汇聚7706-3,15-24U,XGE3/0/7
B2,12#,102376880738,无线POE交换机,27U,XG0/0/4,38U,13口,无线1柜-背,36U,37口,无线1柜-正,10U,32口,B25,背-42U,32口,无线汇聚7706-4,3-12U,XGE3/0/7
B2,13#,0W20011601016,无线POE交换机,25U,XG0/0/3,38U,1口,无线1柜-背,34U,1口,无线1柜-正,10U,9口,B25,背-42U,9口,无线汇聚7706-3,15-24U,XGE3/0/8
B2,13#,,,,XG0/0/4,38U,13口,无线1柜-背,34U,13口,无线1柜-正,10U,33口,B25,背-42U,33口,无线汇聚7706-4,3-12U,XGE3/0/8
B2,14#,102376880723,无线POE交换机,24U,XG0/0/3,38U,1口,无线1柜-背,34U,25口,无线1柜-正,10U,10口,B25,背-42U,20口,无线汇聚7706-3,15-24U,XGE3/0/9
B2,14#,102376880723,无线POE交换机,24U,XG0/0/4,38U,13口,无线1柜-背,34U,37口,无线1柜-正,10U,34口,B25,背-42U,34口,无线汇聚7706-4,3-12U,XGE3/0/9
B2,15#,102377155613,无线POE交换机,15U,XG0/0/3,38U,1口,无线1柜-背,32U,1口,无线1柜-正,10U,11口,B25,背-42U,11口,无线汇聚7706-3,15-24U,XGE3/0/10
B2,15#,102377155613,无线POE交换机,15U,XG0/0/4,38U,13口,无线1柜-背,32U,13口,无线1柜-正,10U,35口,B25,背-42U,35口,无线汇聚7706-4,3-12U,XGE3/0/10
B2,B-1#,102376880817,无线POE交换机,15U,XG0/0/3,38U,1口,无线1柜-背,32U,25口,无线1柜-正,10U,12口,B25,背-42U,12口,无线汇聚7706-3,15-24U,XGE3/0/11
B2,B-1#,102376880817,无线POE交换机,15U,XG0/0/4,38U,13口,无线1柜-背,32U,37口,无线1柜-正,10U,36口,B25,背-42U,36口,无线汇聚7706-4,3-12U,XGE3/0/11
B2,B-2#,102376880820,无线POE交换机,15U,XG0/0/3,38U,1口,无线1柜-背,30U,1口,无线1柜-正,10U,13口,B25,背-42U,13口,无线汇聚7706-3,15-24U,XGE3/0/12
B2,B-2#,102376880820,无线POE交换机,15U,XG0/0/4,38U,13口,无线1柜-背,30U,13口,无线1柜-正,10U,37口,B25,背-42U,37口,无线汇聚7706-4,3-12U,XGE3/0/12
B2,B-2-1#,102376880802,无线POE交换机,27U,XG0/0/3,38U,1口,无线1柜-背,30U,25口,无线1柜-正,10U,14口,B25,背-42U,14口,无线汇聚7706-3,15-24U,XGE3/0/13
B2,B-2-1#,102376880802,无线POE交换机,27U,XG0/0/4,38U,13口,无线1柜-背,30U,37口,无线1柜-正,10U,38口,B25,背-42U,38口,无线汇聚7706-4,3-12U,XGE3/0/13
B2,B-4#,102376880791,无线POE交换机,27U,XG0/0/3,38U,1口,无线1柜-背,28U,25,内网1柜-正,10U,16口,B25,背-42U,16口,无线汇聚7706-3,,XGE3/0/15
B2,B-4#,102376880791,无线POE交换机,27U,XG0/0/4,38U,13口,无线1柜-背,28U,37,内网1柜-正,10U,40口,B25,背-42U,40口,无线汇聚7706-4,,XGE3/0/15
B2,B-5#,0W20011601014,无线POE交换机,25U,XG0/0/3,38U,1口,无线1柜-背,26U,1口,无线1柜-正,10U,17口,B25,背-42U,17口,无线汇聚7706-3,15-24U,XGE3/0/16
B2,B-6#,102377155571,无线POE交换机,12U,XG0/0/3,38U,1口,无线1柜-背,26U,25口,无线1柜-正,10U,18口,B25,背-42U,18口,无线汇聚7706-3,15-24U,XGE3/0/17
B2,B-6#,102377155571,无线POE交换机,12U,XG0/0/4,38U,13口,无线1柜-背,26U,37口,无线1柜-正,10U,42口,B25,背-42U,42口,无线汇聚7706-4,3-12U,XGE3/0/17
B1,1#,102376880807,无线POE交换机,24U,XG0/0/3,38U,1口,无线1柜-背,24U,1口,无线1柜-正,10U,19口,B25,背-42U,19口,无线汇聚7706-3,15-24U,XGE3/0/18
B1,1#,102376880807,无线POE交换机,24U,XG0/0/4,38U,13口,无线1柜-背,24U,13口,无线1柜-正,10U,43口,B25,背-42U,43口,无线汇聚7706-4,3-12U,XGE3/0/18
B1,2#,102377155651,无线POE交换机,24U,XG0/0/3,38U,1口,无线1柜-背,24U,25口,无线1柜-正,10U,20口,B25,背-42U,20口,无线汇聚7706-3,15-24U,XGE3/0/19
B1,2#,102377155651,无线POE交换机,24U,XG0/0/4,38U,13口,无线1柜-背,24U,37口,无线1柜-正,10U,44口,B25,背-42U,44口,无线汇聚7706-4,3-12U,XGE3/0/19
B1,3#,102376880786,无线POE交换机,18U,XG0/0/3,38U,1口,无线1柜-背,22U,1口,无线1柜-正,10U,21口,B25,背-42U,21口,无线汇聚7706-3,15-24U,XGE3/0/20
B1,3#,102376880786,无线POE交换机,18U,XG0/0/4,38U,13口,无线1柜-背,22U,13口,无线1柜-正,10U,45口,B25,背-42U,45口,无线汇聚7706-4,3-12U,XGE3/0/20
B1,4#,102376880795,无线POE交换机,27U,XG0/0/3,38U,1口,无线1柜-背,22U,25口,无线1柜-正,10U,22口,B25,背-42U,22口,无线汇聚7706-3,15-24U,XGE3/0/21
B1,4#,102376880795,无线POE交换机,27U,XG0/0/4,38U,13口,无线1柜-背,22U,37口,无线1柜-正,10U,46口,B25,背-42U,46口,无线汇聚7706-4,3-12U,XGE3/0/21
B1,4-1#,102376880766,无线POE交换机,12U,XG0/0/3,38U,1口,无线1柜-背,20U,1口,无线1柜-正,10U,23口,B25,背-42U,23口,无线汇聚7706-3,15-24U,XGE3/0/22
B1,4-1#,102376880766,无线POE交换机,12U,XG0/0/4,38U,13口,无线1柜-背,20U,13口,无线1柜-正,10U,47口,B25,背-42U,47口,无线汇聚7706-4,3-12U,XGE3/0/22
B1,4-2#,102376880781,无线POE交换机,10U,XG0/0/3,39U,1口,无线1柜-背,20U,25口,无线1柜-正,10U,24口,B25,背-42U,24口,无线汇聚7706-3,15-24U,XGE3/0/23
B1,4-2#,102376880781,无线POE交换机,10U,XG0/0/4,39U,13口,无线1柜-背,20U,37口,无线1柜-正,10U,48口,B25,背-42U,48口,无线汇聚7706-4,3-12U,XGE3/0/23
B1,5#,102377155614,无线POE交换机,18U,XG0/0/3,38U,1口,无线1柜-背,18U,1口,无线1柜-正,8U,13口,B25,背-36U,1口,无线汇聚7706-3,15-24U,XGE3/0/24
B1,5#,102377155614,无线POE交换机,18U,XG0/0/4,38U,13口,无线1柜-背,18U,13口,无线1柜-正,8U,14口,B25,背-36U,2口,无线汇聚7706-4,3-12U,XGE3/0/24
B1,6#,102376880746,无线POE交换机,33U,XG0/0/3,41U,1口,无线1柜-背,18U,25口,无线1柜-正,8U,15口,B25,背-36U,3口,无线汇聚7706-3,15-24U,XGE3/0/25
B1,6#,102376880746,无线POE交换机,33U,XG0/0/4,41U,13口,无线1柜-背,18U,37口,无线1柜-正,8U,16口,B25,背-36U,4口,无线汇聚7706-4,3-12U,XGE3/0/25
B1,7#,102376880761,无线POE交换机,12U,XG0/0/3,38U,1口,无线1柜-背,16U,1口,无线1柜-正,8U,17口,B25,背-36U,5口,无线汇聚7706-3,15-24U,XGE3/0/26
B1,7#,102376880761,无线POE交换机,12U,XG0/0/4,38U,13口,无线1柜-背,16U,13口,无线1柜-正,8U,18口,B25,背-36U,6口,无线汇聚7706-4,3-12U,XGE3/0/26
B1,8#,102376880752,无线POE交换机,21U,XG0/0/3,38U,1口,无线1柜-背,16U,25口,无线1柜-正,8U,19口,B25,背-36U,7口,无线汇聚7706-3,15-24U,XGE3/0/27
B1,8#,102376880752,无线POE交换机,21U,XG0/0/4,38U,13口,无线1柜-背,16U,37口,无线1柜-正,8U,20口,B25,背-36U,8口,无线汇聚7706-4,3-12U,XGE3/0/27
B1,9#,102376880794,无线POE交换机,18U,XG0/0/3,38U,1口,无线1柜-背,14U,1口,无线1柜-正,8U,21口,B25,背-36U,9口,无线汇聚7706-3,15-24U,XGE3/0/28
B1,9#,102376880794,无线POE交换机,18U,XG0/0/4,38U,13口,无线1柜-背,14U,13口,无线1柜-正,8U,22口,B25,背-36U,10口,无线汇聚7706-4,3-12U,XGE3/0/28
B1,10#,102376880771,无线POE交换机,27U,XG0/0/3,38U,1口,无线1柜-背,14U,25口,无线1柜-正,8U,23口,B25,背-36U,11口,无线汇聚7706-3,15-24U,XGE3/0/29
B1,10#,102376880771,无线POE交换机,27U,XG0/0/4,38U,13口,无线1柜-背,14U,37口,无线1柜-正,8U,24口,B25,背-36U,12口,无线汇聚7706-4,3-12U,XGE3/0/29
B1,11#,LD238V029542,无线接入（T4X),20U,XG0/0/3,38U,1口,无线2柜-正,42U,1口,无线2柜-正,12U,1口,B24,背-40U,1口,无线汇聚7706-1,,XGE3/0/30
B1,11#,LD238V029542,无线接入（T4X),20U,XG0/0/4,38U,13口,无线2柜-正,42U,13口,无线2柜-正,12U,25口,B24,背-40U,25口,无线汇聚7706-2,,XGE3/0/30
B1,12#,102376880767,POE交换机,33U,XG0/0/3,41U,1口,无线2柜-正,42U,25口,无线2柜-正,12U,2口,B24,背-40U,2口,无线汇聚7706-1,15-24U,XGE3/0/31
B1,12#,102376880767,POE交换机,33U,XG0/0/4,41U,13口,无线2柜-正,42U,37口,无线2柜-正,12U,2口,B24,背-40U,26口,无线汇聚7706-2,3-12U,XGE3/0/31
B1,B-2#,102376880840,无线POE交换机,12U,XG0/0/3,38U,1口,无线2柜-正,40U,1口,无线2柜-正,12U,3口,B24,背-40U,3口,无线汇聚7706-1,15-24U,XGE3/0/32
B1,B-2#,102376880840,无线POE交换机,12U,XG0/0/4,38U,13口,无线2柜-正,40U,13口,无线2柜-正,12U,27口,B24,背-40U,27口,无线汇聚7706-2,3-12U,XGE3/0/32
B1,B-4#,102376880798,无线POE交换机,33U,XG0/0/3,41U,1口,无线2柜-正,40U,25口,无线2柜-正,12U,4口,B24,背-40U,4口,无线汇聚7706-1,15-24U,XGE3/0/33
B1,B-4#,102376880798,无线POE交换机,33U,XG0/0/4,41U,13口,无线2柜-正,40U,37口,无线2柜-正,12U,28口,B24,背-40U,28口,无线汇聚7706-2,3-12U,XGE3/0/33
B1,B-5#,102376880743,无线POE交换机,33U,XG0/0/3,38U,1口,无线2柜-正,38U,1口,无线2柜-正,12U,5口,B24,背-40U,5口,无线汇聚7706-1,15-24U,XGE3/0/34
B1,B-5#,102376880743,无线POE交换机,33U,XG0/0/4,38U,13口,无线2柜-正,38U,13口,无线2柜-正,12U,29口,B24,背-40U,29口,无线汇聚7706-2,3-12U,XGE3/0/34
B1,B-5-1#,102376880834,无线POE交换机,6U,XG0/0/3,38U,1口,无线2柜-正,38U,25口,无线2柜-正,12U,6口,B24,背-40U,6口,无线汇聚7706-1,15-24U,XGE3/0/35
B1,B-5-1#,102376880834,无线POE交换机,6U,XG0/0/4,38U,13口,无线2柜-正,38U,37口,无线2柜-正,12U,30口,B24,背-40U,30口,无线汇聚7706-2,3-12U,XGE3/0/35
B1,13#,102376880812,无线POE交换机,12U,XG0/0/3,38U,1口,无线2柜-正,36U,1口,无线2柜-正,12U,7口,B24,背-40U,7口,无线汇聚7706-1,15-24U,XGE3/0/36
B1,13#,102376880812,无线POE交换机,12U,XG0/0/4,38U,13口,无线2柜-正,36U,13口,无线2柜-正,12U,31口,B24,背-40U,31口,无线汇聚7706-2,3-12U,XGE3/0/36
B1,B-5-2#,102376880789,无线POE交换机,12U,XG0/0/3,38U,1口,无线2柜-正,36U,25口,无线2柜-正,12U,8口,B24,背-40U,8口,无线汇聚7706-1,15-24U,XGE3/0/37
B1,B-5-2#,102376880789,无线POE交换机,12U,XG0/0/4,38U,13口,无线2柜-正,36U,37口,无线2柜-正,12U,32口,B24,背-40U,32口,无线汇聚7706-2,3-12U,XGE3/0/37
B1,14#,102376880757,无线POE交换机,3U,XG0/0/3,38U,1口,无线2柜-正,34U,1口,无线2柜-正,12U,9口,B24,背-40U,9口,无线汇聚7706-1,15-24U,XGE3/0/38
B1,14#,102376880757,无线POE交换机,3U,XG0/0/4,38U,13口,无线2柜-正,34U,13口,无线2柜-正,12U,33口,B24,背-40U,33口,无线汇聚7706-2,3-12U,XGE3/0/38
B1,B-6#,,空余,,,38U,1口,无线2柜-正,34U,25口,无线3柜-正,10U,17口,B25,背-38U,17口,无线汇聚7706-3,15-24U,
B1,B-6#,,空余,,,38U,13口,无线2柜-正,34U,37口,无线3柜-正,10U,41口,B25,背-38U,41口,无线汇聚7706-4,3-12U,
B1,15#,,空余,,,38U,1口,无线2柜-正,32U,1口,无线2柜-正,12U,10口,B24,背-40U,10口,无线汇聚7706-1,15-24U,
B1,15#,,空余,,,38U,13口,无线2柜-正,32U,13口,无线2柜-正,12U,34口,B24,背-40U,34口,无线汇聚7706-2,3-12U,
B1,B-3#,102376880815,无线POE交换机,33U,XG0/0/3,41U,1口,无线2柜-正,32U,25口,无线2柜-正,12U,11口,B24,背-40U,11口,无线汇聚7706-1,15-24U,XGE3/0/40
B1,B-3#,102376880815,无线POE交换机,33U,XG0/0/4,41U,13口,无线2柜-正,32U,37口,无线2柜-正,12U,35口,B24,背-40U,35口,无线汇聚7706-2,3-12U,XGE3/0/40
B1,16#,,空余,,,38U,1口,无线2柜-正,30U,1口,无线2柜-正,12U,12口,B24,背-40U,12口,无线汇聚7706-1,15-24U,
B1,16#,,空余,,,38U,13口,无线2柜-正,30U,13口,无线2柜-正,12U,36口,B24,背-40U,36口,无线汇聚7706-2,3-12U,
B1,B-1-1#,102376880824,无线POE交换机,18U,XG0/0/3,38U,1口,无线2柜-正,30U,25口,无线2柜-正,12U,13口,B24,背-40U,13口,无线汇聚7706-1,15-24U,XGE3/0/42
B1,B-1-1#,102376880824,无线POE交换机,18U,XG0/0/4,38U,13口,无线2柜-正,30U,37口,无线2柜-正,12U,37口,B24,背-40U,37口,无线汇聚7706-2,3-12U,XGE3/0/42
1F,1#,102376880830,无线POE交换机,24U,XG0/0/3,38U,1口,无线2柜-正,28U,1口,无线2柜-正,12U,14口,B24,背-40U,14口,无线汇聚7706-1,15-24U,XGE3/0/43
1F,1#,102376880830,无线POE交换机,24U,XG0/0/4,38U,13口,无线2柜-正,28U,13口,无线2柜-正,12U,38口,B24,背-40U,38口,无线汇聚7706-2,3-12U,XGE3/0/43
1F,2#,102376880717,无线POE交换机,9U,XG0/0/3,38U,1口,无线2柜-正,28U,25口,无线2柜-正,12U,15口,B24,背-40U,15口,无线汇聚7706-1,15-24U,XGE3/0/44
1F,2#,102376880717,无线POE交换机,9U,XG0/0/4,38U,13口,无线2柜-正,28U,37口,无线2柜-正,12U,39口,B24,背-40U,39口,无线汇聚7706-2,3-12U,XGE3/0/44
1F,3#,102376880745,无线POE交换机,33U,XG0/0/3,41U,1口,无线2柜-正,26U,1口,无线2柜-正,12U,16口,B24,背-40U,16口,无线汇聚7706-1,15-24U,XGE3/0/45
1F,3#,102376880745,无线POE交换机,33U,XG0/0/4,41U,13口,无线2柜-正,26U,13口,无线2柜-正,12U,40口,B24,背-40U,40口,无线汇聚7706-2,3-12U,XGE3/0/45
1F,4#,102377155620,无线POE交换机,18U,XG0/0/3,38U,1口,无线2柜-正,26U,25口,无线2柜-正,12U,17口,B24,背-40U,17口,无线汇聚7706-1,15-24U,XGE3/0/46
1F,4#,102377155620,无线POE交换机,18U,XG0/0/4,38U,13口,无线2柜-正,26U,37口,无线2柜-正,12U,41口,B24,背-40U,41口,无线汇聚7706-2,3-12U,XGE3/0/46
1F,5#,102376880720,无线POE交换机,18U,XG0/0/3,38U,1口,无线2柜-正,24U,1口,无线2柜-正,12U,18口,B24,背-40U,18口,无线汇聚7706-1,15-24U,XGE3/0/47
1F,5#,102376880720,无线POE交换机,18U,XG0/0/4,38U,13口,无线2柜-正,24U,13口,无线2柜-正,12U,42口,B24,背-40U,42口,无线汇聚7706-2,3-12U,XGE3/0/47
1F,6#,102376880744,无线POE交换机,24U,XG0/0/3,38U,1口,无线2柜-正,24U,25口,无线2柜-正,12U,19口,B24,背-40U,19口,无线汇聚7706-1,15-24U,XGE4/0/0
1F,6#,102376880744,无线POE交换机,24U,XG0/0/4,38U,13口,无线2柜-正,24U,37口,无线2柜-正,12U,43口,B24,背-40U,43口,无线汇聚7706-2,3-12U,XGE4/0/0
1F,7#,102376880823,无线POE交换机,24U,XG0/0/3,41U,1口,无线2柜-正,22U,1口,无线2柜-正,12U,20口,B24,背-40U,20口,无线汇聚7706-1,15-24U,XGE4/0/1
1F,7#,102376880823,无线POE交换机,24U,XG0/0/4,41U,13口,无线2柜-正,22U,13口,无线2柜-正,12U,44口,B24,背-40U,44口,无线汇聚7706-2,3-12U,XGE4/0/1
1F,8#,102376880755,无线POE交换机,23U,XG0/0/3,38U,1口,无线2柜-正,22U,25口,无线2柜-正,12U,21口,B24,背-40U,21口,无线汇聚7706-1,15-24U,XGE4/0/2
1F,8#,102376880755,无线POE交换机,23U,XG0/0/4,38U,13口,无线2柜-正,22U,37口,无线2柜-正,12U,45口,B24,背-40U,45口,无线汇聚7706-2,3-12U,XGE4/0/2
1F,9#,102376880719,无线POE交换机,33U,XG0/0/3,41U,1口,无线2柜-正,20U,1口,无线2柜-正,12U,22口,B24,背-40U,22口,无线汇聚7706-1,15-24U,XGE4/0/3
1F,9#,102376880719,无线POE交换机,33U,XG0/0/4,41U,13口,无线2柜-正,20U,13口,无线2柜-正,12U,46口,B24,背-40U,46口,无线汇聚7706-2,3-12U,XGE4/0/3
1F,10#,102376880733,无线POE交换机,15U,XG0/0/3,38U,1口,无线2柜-正,20U,25口,无线2柜-正,12U,23口,B24,背-40U,23口,无线汇聚7706-1,15-24U,XGE4/0/4
1F,10#,102376880733,无线POE交换机,15U,XG0/0/4,38U,13口,无线2柜-正,20U,37口,无线2柜-正,12U,47口,B24,背-40U,47口,无线汇聚7706-2,3-12U,XGE4/0/4
1F,11#,102376880849,无线POE交换机,9U,XG0/0/3,38U,1口,无线2柜-正,18U,1口,无线2柜-正,12U,24口,B24,背-40U,24口,无线汇聚7706-1,15-24U,XGE4/0/5
1F,11#,102376880849,无线POE交换机,9U,XG0/0/4,38U,13口,无线2柜-正,18U,13口,无线2柜-正,12U,48口,B24,背-40U,48口,无线汇聚7706-2,3-12U,XGE4/0/5
1F,12#,102376880756,无线POE交换机,33U,XG0/0/3,41U,1口,无线2柜-正,18U,25口,无线2柜-正,8U,1口,B24,背-36U,37口,无线汇聚7706-1,15-24U,XGE4/0/6
1F,12#,102376880756,无线POE交换机,33U,XG0/0/4,41U,13口,无线2柜-正,18U,37口,无线2柜-正,8U,2口,B24,背-36U,38口,无线汇聚7706-2,3-12U,XGE4/0/6
1F,13#,102376880729,无线POE交换机,12U,XG0/0/3,38U,1口,无线2柜-正,16U,1口,无线2柜-正,8U,3口,B24,背-36U,15口,无线汇聚7706-1,15-24U,XGE4/0/7
1F,13#,102376880729,无线POE交换机,12U,XG0/0/4,38U,13口,无线2柜-正,16U,13口,无线2柜-正,8U,4口,B24,背-36U,16口,无线汇聚7706-2,3-12U,XGE4/0/7
1F,14#,102376880760,无线POE交换机,18U,XG0/0/3,38U,1口,无线2柜-正,16U,25口,无线2柜-正,8U,5口,B24,背-36U,17口,无线汇聚7706-1,15-24U,XGE4/0/8
1F,14#,102376880760,无线POE交换机,18U,XG0/0/4,38U,14口,无线2柜-正,16U,37口,无线2柜-正,8U,6口,B24,背-36U,18口,无线汇聚7706-2,3-12U,XGE4/0/8
1F,15#,102376880803,无线POE交换机,33U,XG0/0/3,41U,2口,无线2柜-正,14U,2口,无线2柜-正,8U,7口,B24,背-36U,43口,无线汇聚7706-1,15-24U,XGE4/0/9
1F,15#,102376880803,无线POE交换机,33U,XG0/0/4,41U,13口,无线2柜-正,14U,13口,无线2柜-正,8U,8口,B24,背-36U,44口,无线汇聚7706-2,3-12U,XGE4/0/9
1F,16#,102376880848,无线POE交换机,6U,XG0/0/3,38U,1口,无线2柜-正,14U,25口,无线2柜-正,8U,9口,B24,背-36U,21口,无线汇聚7706-1,15-24U,XGE4/0/10
1F,16#,102376880848,无线POE交换机,6U,XG0/0/4,38U,13口,无线2柜-正,14U,37口,无线2柜-正,8U,10口,B24,背-36U,22口,无线汇聚7706-2,3-12U,XGE4/0/10
2F,1#,102376880800,无线POE交换机,9U,XG0/0/3,38U,1口,无线2柜-背,42U,1口,无线2柜-正,10U,1口,B25,背-40U,1口,无线汇聚7706-3,15-24U,XGE3/0/30
2F,1#,102376880800,无线POE交换机,9U,XG0/0/4,38U,13口,无线2柜-背,42U,13口,无线2柜-正,10U,25口,B25,背-40U,25口,无线汇聚7706-4,3-12U,XGE3/0/30
2F,2#,102376880832,无线POE交换机,33U,XG0/0/3,41U,1口,无线2柜-背,42U,25口,无线2柜-正,10U,2口,B25,背-40U,2口,无线汇聚7706-3,15-24U,XGE3/0/31
2F,2#,102376880832,无线POE交换机,33U,XG0/0/4,41U,13口,无线2柜-背,42U,37口,无线2柜-正,10U,26口,B25,背-40U,26口,无线汇聚7706-4,3-12U,XGE3/0/31
2F,3#,102377155641,无线POE交换机,18U,XG0/0/3,38U,1口,无线2柜-背,40U,1口,无线2柜-正,10U,3口,B25,背-40U,3口,无线汇聚7706-3,15-24U,XGE3/0/32
2F,3#,102377155641,无线POE交换机,18U,XG0/0/4,38U,13口,无线2柜-背,40U,13口,无线2柜-正,10U,27口,B25,背-40U,27口,无线汇聚7706-4,3-12U,XGE3/0/32
2F,4#,102377155619,无线POE交换机,12U,XG0/0/3,38U,1口,无线2柜-背,40U,25口,无线2柜-正,10U,4口,B25,背-40U,4口,无线汇聚7706-3,15-24U,XGE3/0/33
2F,4#,102377155619,无线POE交换机,12U,XG0/0/4,38U,13口,无线2柜-背,40U,37口,无线2柜-正,10U,28口,B25,背-40U,28口,无线汇聚7706-4,3-12U,XGE3/0/33
2F,8#,102377155625,无线POE交换机,9U,XG0/0/3,38U,1口,无线2柜-背,38U,1口,无线2柜-正,10U,5口,B25,背-40U,5口,无线汇聚7706-3,15-24U,XGE3/0/34
2F,8#,102377155625,无线POE交换机,9U,XG0/0/4,38U,13口,无线2柜-背,38U,13口,无线2柜-正,10U,29口,B25,背-40U,29口,无线汇聚7706-4,3-12U,XGE3/0/34
2F,9#,102376880709,POE交换机,21U,XG0/0/3,38U,1口,无线2柜-背,38U,26口,无线2柜-正,10U,6口,B25,背-40U,6口,无线汇聚7706-3,15-24U,3/0/35
2F,9#,102376880709,POE交换机,21U,XG0/0/4,38U,13口,无线2柜-背,38U,38口,无线2柜-正,10U,30口,B25,背-40U,30口,无线汇聚7706-4,3-12U,3/0/35
2F,10#,102377155650,无线POE交换机,18U,XG0/0/3,38U,1口,无线2柜-背,36U,1口,无线2柜-正,10U,23口,B25,背-38U,23口,无线汇聚7706-3,15-24U,XGE3/0/36
2F,10#,102377155650,无线POE交换机,18U,XG0/0/4,38U,13口,无线2柜-背,36U,13口,无线2柜-正,10U,31口,B25,背-40U,31口,无线汇聚7706-4,3-12U,XGE3/0/36
2F,11#,102377155577,无线POE交换机,21U,XG0/0/3,38U,1口,无线2柜-背,36U,25口,无线2柜-正,10U,8口,B25,背-40U,8口,无线汇聚7706-3,15-24U,XGE3/0/37
2F,11#,102377155577,无线POE交换机,21U,XG0/0/4,38U,13口,无线2柜-背,36U,37口,无线2柜-正,10U,32口,B25,背-40U,32口,无线汇聚7706-4,3-12U,XGE3/0/37
2F,12#,102377155631,无线POE交换机,9U,XG0/0/3,38U,1口,无线2柜-背,34U,1口,无线2柜-正,10U,9口,B25,背-40U,9口,无线汇聚7706-3,15-24U,XGE3/0/38
2F,12#,102377155631,无线POE交换机,9U,XG0/0/4,38U,13口,无线2柜-背,34U,13口,无线2柜-正,10U,33口,B25,背-40U,33口,无线汇聚7706-4,3-12U,XGE3/0/38
2F,13#,102377155647,无线POE交换机,33U,XG0/0/3,41U,1口,无线2柜-背,34U,25口,无线2柜-正,10U,10口,B25,背-40U,10口,无线汇聚7706-3,15-24U,XGE3/0/39
2F,13#,102377155647,无线POE交换机,33U,XG0/0/4,41U,13口,无线2柜-背,34U,37口,无线2柜-正,10U,34口,B25,背-40U,34口,无线汇聚7706-4,3-12U,XGE3/0/39
2F,14#,102377155428,无线POE交换机,15U,XG0/0/3,38U,1口,无线2柜-背,32U,1口,无线2柜-正,10U,11口,B25,背-40U,11口,无线汇聚7706-3,15-24U,XGE3/0/40
2F,14#,102377155428,无线POE交换机,15U,XG0/0/4,38U,13口,无线2柜-背,32U,13口,无线2柜-正,10U,35口,B25,背-40U,35口,无线汇聚7706-4,3-12U,XGE3/0/40
2F,15#,102376880715,无线POE交换机,12U,XG0/0/3,38U,1口,无线2柜-背,32U,25口,无线2柜-正,10U,12口,B25,背-40U,12口,无线汇聚7706-3,15-24U,XGE3/0/41
2F,15#,102376880715,无线POE交换机,12U,XG0/0/4,38U,13口,无线2柜-背,32U,37口,无线2柜-正,10U,36口,B25,背-40U,36口,无线汇聚7706-4,3-12U,XGE3/0/41
2F,16#,102376880811,无线POE交换机,9U,XG0/0/3,38U,1口,无线2柜-背,30U,1口,无线2柜-正,10U,13口,B25,背-40U,13口,无线汇聚7706-3,15-24U,XGE3/0/42
2F,16#,102376880811,无线POE交换机,9U,XG0/0/4,38U,13口,无线2柜-背,30U,13口,无线2柜-正,10U,37口,B25,背-40U,37口,无线汇聚7706-4,3-12U,XGE3/0/42
2F,5#,102376880753,无线POE交换机,15U,XG0/0/3,38U,1口,无线2柜-背,30U,25口,无线2柜-正,10U,14口,B25,背-40U,14口,无线汇聚7706-3,15-24U,XGE3/0/43
2F,5#,102376880753,无线POE交换机,15U,XG0/0/4,38U,13口,无线2柜-背,30U,37口,无线2柜-正,10U,38口,B25,背-40U,38口,无线汇聚7706-4,3-12U,XGE3/0/43
2F,5#,2S2350017794,中心AP,21U,XG0/0/3,38U,2口,无线2柜-背,30U,26口,无线2柜-正,10U,19口,B25,背-40U,19口,无线汇聚7706-3,15-24U,XGE4/0/0
2F,5#,2S2350017794,中心AP,21U,XG0/0/4,38U,14口,无线2柜-背,30U,38口,无线2柜-正,10U,43口,B25,背-40U,43口,无线汇聚7706-4,3-12U,XGE4/0/0
2F,6#,102377155581,无线POE交换机,21U,XG0/0/3,38U,1口,无线2柜-背,28U,1口,无线2柜-正,10U,15口,B25,背-40U,15口,无线汇聚7706-3,15-24U,XGE3/0/44
2F,6#,102377155581,无线POE交换机,21U,XG0/0/4,38U,13口,无线2柜-背,28U,13口,无线2柜-正,10U,39口,B25,背-40U,39口,无线汇聚7706-4,3-12U,XGE3/0/44
4F,7#,102376880747,无线POE交换机,24U,XG0/0/4,38U,13口,无线3柜-正,38U,37口,无线3柜-正,12U,30口,B24,背-38U,30口,无线汇聚7706-2,3-12U,XGE4/0/16
2F,7#,102377155408,无线POE交换机,15U,XG0/0/3,41U,1口,无线2柜-背,28U,25口,无线2柜-正,10U,16口,B25,背-40U,16口,无线汇聚7706-3,15-24U,XGE3/0/45
2F,7#,102377155408,无线POE交换机,15U,XG0/0/4,41U,13口,无线2柜-背,28U,37口,无线2柜-正,10U,40口,B25,背-40U,40口,无线汇聚7706-4,3-12U,XGE3/0/45
4F,8#,,空余,,,41U,13口,无线3柜-正,36U,13口,无线3柜-正,12U,31口,B24,背-38U,31口,无线汇聚7706-2,3-12U,
4F,11#,102376880788,无线POE交换机,24U,XG0/0/4,38U,13口,无线3柜-正,36U,37口,无线3柜-正,12U,32口,B24,背-38U,32口,无线汇聚7706-2,3-12U,XGE4/0/18
3F,1#,2S2350016675,中心AP,33U,XG0/0/3,41U,2口,无线2柜-背,26U,2口,无线2柜-正,8U,21口,B25,背-36U,21口,无线汇聚7706-3,15-24U,XGE4/0/10
3F,1#,2S2350016675,中心AP,33U,XG0/0/4,41U,14口,无线2柜-背,26U,14口,无线2柜-正,8U,22口,B25,背-36U,22口,无线汇聚7706-4,3-12U,XGE4/0/10
3F,2#,102376880835,无线POE交换机,33U,XG0/0/3,41U,1口,无线2柜-背,26U,25口,无线2柜-正,10U,18口,B25,背-40U,18口,无线汇聚7706-3,15-24U,XGE3/0/47
3F,2#,102376880835,无线POE交换机,33U,XG0/0/4,41U,13口,无线2柜-背,26U,37口,无线2柜-正,10U,42口,B25,背-40U,42口,无线汇聚7706-4,3-12U,XGE3/0/47
3F,4#,102377155632,无线POE交换机,33U,XG0/0/3,41U,1口,无线2柜-背,24U,25口,无线2柜-正,10U,20口,B25,背-40U,20口,无线汇聚7706-3,15-24U,XGE4/0/1
3F,4#,102377155632,无线POE交换机,33U,XG0/0/4,41U,13口,无线2柜-背,24U,37口,无线2柜-正,10U,44口,B25,背-40U,44口,无线汇聚7706-4,3-12U,XGE4/0/1
3F,5#,102376880726,无线POE交换机,27U,XG0/0/3,38U,2口,无线2柜-背,22U,2口,无线3柜-正,8U,33口,B25,背-36U,33口,无线汇聚7706-3,15-24U,XGE4/0/36
3F,5#,102376880726,无线POE交换机,27U,XG0/0/4,38U,13口,无线2柜-背,22U,13口,无线3柜-正,8U,45口,B25,背-36U,45口,无线汇聚7706-4,3-12U,XGE4/0/36
3F,7#,102377155431,无线POE交换机,27U,XG0/0/3,38U,1口,无线2柜-背,22U,25口,无线2柜-正,10U,22口,B25,背-40U,22口,无线汇聚7706-3,15-24U,XGE4/0/3
3F,7#,102377155431,无线POE交换机,27U,XG0/0/4,38U,13口,无线2柜-背,22U,37口,无线2柜-正,10U,46口,B25,背-40U,46口,无线汇聚7706-4,3-12U,XGE4/0/3
3F,9#,102377155424,无线POE交换机,16U,XG0/0/3,38U,1口,无线2柜-背,20U,1口,无线2柜-正,10U,23口,B25,背-40U,23口,无线汇聚7706-3,15-24U,XGE4/0/4
3F,9#,102377155424,无线POE交换机,16U,XG0/0/4,38U,13口,无线2柜-背,20U,13口,无线2柜-正,10U,47口,B25,背-40U,47口,无线汇聚7706-4,3-12U,XGE4/0/4
3F,10#,102377155404,无线POE交换机,9U,XG0/0/3,38U,1口,无线2柜-背,20U,25口,无线2柜-正,10U,24口,B25,背-40U,24口,无线汇聚7706-3,15-24U,XGE4/0/5
3F,10#,102377155404,无线POE交换机,9U,XG0/0/4,38U,13口,无线2柜-背,20U,37口,无线2柜-正,10U,48口,B25,背-40U,48口,无线汇聚7706-4,3-12U,XGE4/0/5
3F,11#,102377155430,无线POE交换机,18U,XG0/0/3,38U,1口,无线2柜-背,18U,1口,无线2柜-正,8U,13口,B25,背-36U,13口,无线汇聚7706-3,15-24U,XGE4/0/6
3F,11#,102377155430,无线POE交换机,18U,XG0/0/4,38U,13口,无线2柜-背,18U,13口,无线2柜-正,8U,14口,B25,背-36U,14口,无线汇聚7706-4,3-12U,XGE4/0/6
3F,12#,102377155397,无线POE交换机,15U,XG0/0/3,38U,1口,无线2柜-背,18U,25口,无线2柜-正,8U,15口,B25,背-36U,15口,无线汇聚7706-3,15-24U,XGE4/0/7
3F,12#,102377155397,无线POE交换机,15U,XG0/0/4,38U,13口,无线2柜-背,18U,37口,无线2柜-正,8U,16口,B25,背-36U,16口,无线汇聚7706-4,3-12U,XGE4/0/7
4F,13#,102377155561,无线POE交换机,33U,XG0/0/4,41U,13口,无线3柜-正,34U,37口,无线3柜-正,12U,34口,B24,背-38U,34口,无线汇聚7706-2,3-12U,XGE4/0/20
4F,15#,102376880768,无线POE交换机,12U,XG0/0/4,38U,13口,无线3柜-正,32U,13口,无线3柜-正,12U,35口,B24,背-38U,35口,无线汇聚7706-2,3-12U,XGE4/0/21
3F,13#,102377155422,无线POE交换机,33U,XG0/0/3,41U,1口,无线2柜-背,16U,1口,无线2柜-正,8U,17口,B25,背-36U,17口,无线汇聚7706-3,15-24U,XGE4/0/8
3F,13#,102377155422,无线POE交换机,33U,XG0/0/4,41U,13口,无线2柜-背,16U,13口,无线2柜-正,8U,18口,B25,背-36U,18口,无线汇聚7706-4,3-12U,XGE4/0/8
3F,14#,102377155427,无线POE交换机,18U,XG0/0/3,38U,1口,无线2柜-背,16U,25口,无线2柜-正,8U,19口,B25,背-36U,19口,无线汇聚7706-3,15-24U,XGE4/0/9
3F,14#,102377155427,无线POE交换机,18U,XG0/0/4,38U,13口,无线2柜-背,16U,37口,无线2柜-正,8U,20口,B25,背-36U,20口,无线汇聚7706-4,3-12U,XGE4/0/9
3F,15#,102377155388,无线POE交换机,12U,XG0/0/3,38U,1口,无线2柜-背,14U,1口,无线2柜-正,8U,23口,B25,背-36U,23口,无线汇聚7706-3,15-24U,XGE4/0/11
3F,15#,102377155388,无线POE交换机,12U,XG0/0/4,38U,13口,无线2柜-背,14U,13口,无线2柜-正,8U,24口,B25,背-36U,24口,无线汇聚7706-4,3-12U,XGE4/0/11
3F,16#,102376880825,无线POE交换机,12U,XG0/0/3,38U,1口,无线2柜-背,14U,25口,无线2柜-正,8U,11口,B24,背-36U,23口,无线汇聚7706-1,15-24U,XGE4/0/41
3F,16#,102376880825,无线POE交换机,12U,XG0/0/4,38U,13口,无线2柜-背,14U,37口,无线2柜-正,8U,12口,B24,背-36U,24口,无线汇聚7706-2,3-12U,XGE4/0/41
4F,16#,102376880724,无线POE交换机,24U,XG0/0/4,38U,13口,无线3柜-正,32U,37口,无线3柜-正,12U,36口,B24,背-38U,36口,无线汇聚7706-2,3-12U,XGE4/0/22
5F,11#,102377155609,无线POE交换机,18U,XG0/0/4,38U,13口,无线3柜-正,26U,13口,无线3柜-正,12U,41口,B24,背-38U,41口,无线汇聚7706-2,3-12U,XGE4/0/27
5F,13#,102376880799,无线POE交换机,33U,XG0/0/4,41U,13口,无线3柜-正,26U,37口,无线3柜-正,12U,42口,B24,背-38U,42口,无线汇聚7706-2,3-12U,XGE4/0/28
5F,15#,102376880750,无线POE交换机,12U,XG0/0/4,38U,13口,无线3柜-正,24U,13口,无线3柜-正,12U,43口,B24,背-38U,43口,无线汇聚7706-2,3-12U,XGE4/0/29
5F,16#,102376880772,无线POE交换机,18U,XG0/0/4,38U,13口,无线3柜-正,24U,37口,无线3柜-正,12U,44口,B24,背-38U,44口,无线汇聚7706-2,3-12U,XGE4/0/30
2F,1#,2S2350017382,中心AP,30U,XG0/0/4,41U,14口,无线2柜-背,28U,38口,无线3柜-正,12U,45口,B24,背-38U,45口,无线汇聚7706-2,3-12U,XGE4/0/31
4F,4#,2S2350016557,中心AP,3U,XG0/0/3,38U,1口,无线3柜-正,40U,25口,无线3柜-正,12U,4口,B24,背-38U,4口,无线汇聚7706-1,15-24U,XGE4/0/14
4F,4#,2S2350016557,中心AP,3U,XG0/0/4,38U,13口,无线3柜-正,40U,37口,无线3柜-正,12U,28口,B24,背-38U,28口,无线汇聚7706-2,3-12U,XGE4/0/14
4F,12#,,空余,,,,,,,,,,9口,,,9口,无线汇聚7706-1,15-24U,
4F,12#,,空余,,,,,,,,,,33口,,,33口,无线汇聚7706-2,3-12U,
4F,6#,102376880793,无线POE交换机,18U,XG0/0/3,,1口,无线3柜-正,38U,1口,无线3柜-正,12U,5口,B24,背-38U,5口,无线汇聚7706-1,15-24U,XGE4/0/15
4F,6#,102376880793,无线POE交换机,18U,XG0/0/3,,13口,无线3柜-正,38U,13口,无线3柜-正,,,B24,背-38U,5口,无线汇聚7706-2,15-24U,XGE4/0/15
4F,7#,102376880747,无线POE交换机,24U,XG0/0/3,38U,1口,无线3柜-正,38U,25口,无线3柜-正,12U,6口,B24,背-38U,6口,无线汇聚7706-1,15-24U,XGE4/0/16
4F,8#,,空余,,,41U,1口,无线3柜-正,36U,1口,无线3柜-正,12U,7口,B24,背-38U,7口,无线汇聚7706-1,15-24U,
4F,11#,102376880788,无线POE交换机,24U,XG0/0/3,38U,1口,无线3柜-正,36U,25口,无线3柜-正,12U,8口,B24,背-38U,8口,无线汇聚7706-1,15-24U,XGE4/0/18
5F,4#,102377155626,无线POE交换机,12U,XG0/0/3,41U,2口,无线3柜-正,28U,26口,无线3柜-正,8U,10口,B24,背-36U,10口,无线汇聚7706-1,15-24U,XGE5/0//24
5F,4#,102377155626,无线POE交换机,12U,XG0/0/4,41U,14口,无线3柜-正,28U,38口,无线3柜-正,8U,22口,B24,背-36U,22口,无线汇聚7706-2,3-12U,XGE5/0//24
6F,3#,2S2350017571,中心AP,33U,XG0/0/3,41U,1口,无线3柜-正,20U,1口,无线3柜-正,8U,9口,B24,背-36U,9口,无线汇聚7706-1,15-24U,XGE4/0/33
6F,3#,2S2350017571,中心AP,33U,XG0/0/4,41U,13口,无线3柜-正,20U,13口,无线3柜-正,8U,21口,B24,背-36U,21口,无线汇聚7706-2,3-12U,XGE4/0/33
6F,11#,102377155562,无线POE交换机,18U,XG0/0/3,38U,1口,无线3柜-正,18U,1口,无线3柜-正,8U,25口,B24,背-36U,13口,无线汇聚7706-1,15-24U,XGE4/0/35
6F,11#,102377155562,无线POE交换机,18U,XG0/0/3,38U,13口,无线3柜-正,18U,13口,无线3柜-正,8U,26口,B24,背-36U,14口,无线汇聚7706-2,3-12U,XGE4/0/35
6F,13#,102377155587,无线POE交换机,18U,XG0/0/3,38U,1口,无线3柜-正,18U,25口,无线3柜-正,8U,27口,B24,背-36U,15口,无线汇聚7706-1,15-24U,XGE4/0/36
6F,13#,102377155587,无线POE交换机,18U,XG0/0/4,38U,13口,无线3柜-正,18U,37口,无线3柜-正,8U,28口,B24,背-36U,16口,无线汇聚7706-2,3-12U,XGE4/0/36
6F,15#,102376880742,无线POE交换机,18U,XG0/0/3,38U,1口,无线3柜-正,14U,1口,无线3柜-正,8U,29口,B24,背-36U,17口,无线汇聚7706-1,15-24U,XGE4/0/37
6F,15#,102376880742,无线POE交换机,18U,XG0/0/4,38U,13口,无线3柜-正,14U,13口,无线3柜-正,8U,30口,B24,背-36U,18口,无线汇聚7706-2,3-12U,XGE4/0/37
6F,16#,102376880764,无线POE交换机,33U,XG0/0/3,41U,1口,无线3柜-正,14U,25口,无线3柜-正,8U,31口,B24,背-36U,19口,无线汇聚7706-1,15-24U,XGE4/0/38
6F,16#,102376880764,无线POE交换机,33U,XG0/0/4,41U,13口,无线3柜-正,14U,37口,无线3柜-正,8U,32口,B24,背-36U,20口,无线汇聚7706-2,3-12U,XGE4/0/38
7F,1#,2S2350017857,中心AP,33U,XG0/0/3,41U,1口,无线3柜-正,16U,1口,无线3柜-正,8U,33口,B24,背-36U,33口,无线汇聚7706-1,15-24U,XGE4/0/39
7F,1#,2S2350017857,中心AP,33U,XG0/0/4,41U,13口,无线3柜-正,16U,13口,无线3柜-正,8U,34口,B24,背-36U,34口,无线汇聚7706-2,3-12U,XGE4/0/39
7F,2#,2S2350017825,中心AP,33U,XG0/0/3,41U,1口,无线3柜-正,16U,25口,无线3柜-正,8U,35口,B24,背-36U,35口,无线汇聚7706-1,15-24U,XGE4/0/40
7F,2#,2S2350017825,中心AP,33U,XG0/0/4,41U,13口,无线3柜-正,16U,37口,无线3柜-正,8U,36口,B24,背-36U,36口,无线汇聚7706-2,3-12U,XGE4/0/40
7F,3#,2S2350017811,中心AP,33U,XG0/0/3,41U,1口,无线3柜-背,42U,1口,无线3柜-正,10U,1口,B25,背-38U,1口,无线汇聚7706-3,15-24U,XGE4/0/12
7F,3#,2S2350017811,中心AP,33U,XG0/0/4,41U,13口,无线3柜-背,42U,13口,无线3柜-正,10U,25口,B25,背-38U,25口,无线汇聚7706-4,3-12U,XGE4/0/12
7F,4#,2S2350016563,中心AP,33U,XG0/0/3,41U,1口,无线3柜-背,42U,25口,无线3柜-正,10U,2口,B25,背-38U,2口,无线汇聚7706-3,15-24U,XGE4/0/13
7F,4#,2S2350016563,中心AP,33U,XG0/0/4,41U,13口,无线3柜-背,42U,37口,无线3柜-正,10U,26口,B25,背-38U,26口,无线汇聚7706-4,3-12U,XGE4/0/13
7F,4#,102376880839,POE交换机,1柜-24U,XG0/0/3,41U,2口,无线3柜-背,42U,26口,无线3柜-正,8U,31口,B25,背-36U,31口,无线汇聚7706-3,15-24U,XGE5/0/23
7F,4#,102376880839,POE交换机,1柜-24U,XG0/0/4,41U,14口,无线3柜-背,42U,38口,无线3柜-正,8U,43口,B25,背-36U,43口,无线汇聚7706-4,3-12U,XGE5/0/23
7F,15#,102376880796,无线POE交换机,18U,XG0/0/3,38U,1口,无线3柜-背,40U,1口,无线3柜-正,10U,3口,B25,背-38U,3口,无线汇聚7706-3,15-24U,XGE4/0/14
7F,15#,102376880796,无线POE交换机,18U,XG0/0/4,38U,13口,无线3柜-背,40U,13口,无线3柜-正,10U,27口,B25,背-38U,27口,无线汇聚7706-4,3-12U,XGE4/0/14
7F,16#,102376880850,无线POE交换机,18U,XG0/0/3,38U,1口,无线3柜-背,40U,25口,无线3柜-正,10U,4口,B25,背-38U,4口,无线汇聚7706-3,15-24U,XGE4/0/15
7F,16#,102376880850,无线POE交换机,18U,XG0/0/4,38U,13口,无线3柜-背,40U,37口,无线3柜-正,10U,28口,B25,背-38U,28口,无线汇聚7706-4,3-12U,XGE4/0/15
8F,1#,2S2350018086,中心AP,33U,XG0/0/3,41U,1口,无线3柜-背,38U,1口,无线3柜-正,10U,5口,B25,背-38U,5口,无线汇聚7706-3,15-24U,XGE4/0/16
8F,1#,2S2350018086,中心AP,33U,XG0/0/4,41U,13口,无线3柜-背,38U,13口,无线3柜-正,10U,29口,B25,背-38U,29口,无线汇聚7706-4,3-12U,XGE4/0/16
8F,2#,2S2350016549,中心AP,33U,XG0/0/3,41U,1口,无线3柜-背,38U,25口,无线3柜-正,10U,6口,B25,背-38U,6口,无线汇聚7706-3,15-24U,XGE4/0/17
8F,2#,2S2350016549,中心AP,33U,XG0/0/4,41U,13口,无线3柜-背,38U,37口,无线3柜-正,10U,30口,B25,背-38U,30口,无线汇聚7706-4,3-12U,XGE4/0/17
8F,3#,2S2350017815,中心AP,33U,XG0/0/3,41U,1口,无线3柜-背,36U,1口,无线3柜-正,10U,7口,B25,背-38U,7口,无线汇聚7706-3,15-24U,XGE4/0/18
8F,3#,2S2350017815,中心AP,33U,XG0/0/4,41U,13口,无线3柜-背,36U,13口,无线3柜-正,10U,31口,B25,背-38U,31口,无线汇聚7706-4,3-12U,XGE4/0/18
8F,3#,102376880797,POE交换机,12U,XG0/0/3,41U,,无线3柜-背,36U,,无线3柜-正,,,B25,,,无线汇聚7706-3,15-24U,XGE5/0/18
8F,3#,102376880797,POE交换机,12U,XG0/0/4,41U,,无线3柜-背,36U,,无线3柜-正,,,B25,,,无线汇聚7706-4,3-12U,XGE5/0/18
8F,3#,102376880783,POE交换机,,,,,无线3柜-背,36U,,无线3柜-正,,,B25,,,无线汇聚7706-3,15-24U,XGE5/0/17
8F,3#,102376880783,POE交换机,,,,,无线3柜-背,36U,,无线3柜-正,,,B25,,,无线汇聚7706-4,3-12U,XGE5/0/17
8F,4#,2S2350017802,中心AP,33U,XG0/0/3,41U,1口,无线3柜-背,36U,25口,无线3柜-正,10U,8口,B25,背-38U,8口,无线汇聚7706-3,15-24U,XGE4/0/19
8F,4#,2S2350017802,中心AP,33U,XG0/0/4,41U,13口,无线3柜-背,36U,37口,无线3柜-正,10U,32口,B25,背-38U,32口,无线汇聚7706-4,3-12U,XGE4/0/19
8F,4#,102376880769,POE交换机,6U,XG0/0/3,41U,,无线3柜-背,36U,,无线3柜-正,,,B25,,,无线汇聚7706-3,15-24U,XGE5/0/20
8F,4#,102376880769,POE交换机,6U,XG0/0/4,41U,,无线3柜-背,36U,,无线3柜-正,,,B25,,,无线汇聚7706-4,3-12U,XGE5/0/20
8F,15#,102377155591,无线POE交换机,18U,XG0/0/3,38U,1口,无线3柜-背,34U,1口,无线3柜-正,10U,9口,B25,背-38U,9口,无线汇聚7706-3,15-24U,XGE4/0/20
8F,15#,102377155591,无线POE交换机,18U,XG0/0/4,38U,13口,无线3柜-背,34U,13口,无线3柜-正,10U,33口,B25,背-38U,33口,无线汇聚7706-4,3-12U,XGE4/0/20
8F,16#,102376880713,无线POE交换机,24U,XG0/0/3,38U,1口,无线3柜-背,34U,25口,无线3柜-正,10U,10口,B25,背-38U,10口,无线汇聚7706-3,15-24U,XGE4/0/21
8F,16#,102376880713,无线POE交换机,24U,XG0/0/4,38U,13口,无线3柜-背,34U,37口,无线3柜-正,10U,34口,B25,背-38U,34口,无线汇聚7706-4,3-12U,XGE4/0/21
9F,1#,2S2350016517,中心AP,33U,XG0/0/3,41U,1口,无线3柜-背,32U,1口,无线3柜-正,10U,11口,B25,背-38U,11口,无线汇聚7706-3,15-24U,XGE4/0/22
9F,1#,2S2350016517,中心AP,33U,XG0/0/4,41U,13口,无线3柜-背,32U,13口,无线3柜-正,10U,35口,B25,背-38U,35口,无线汇聚7706-4,3-12U,XGE4/0/22
9F,2#,2S2350016527,中心AP,33U,XG0/0/3,41U,1口,无线3柜-背,32U,25口,无线3柜-正,10U,12口,B25,背-38U,12口,无线汇聚7706-3,15-24U,XGE4/0/23
9F,2#,2S2350016527,中心AP,33U,XG0/0/4,41U,13口,无线3柜-背,32U,37口,无线3柜-正,10U,36口,B25,背-38U,36口,无线汇聚7706-4,3-12U,XGE4/0/23
9F,3#,2S2350017809,中心AP,33U,XG0/0/3,41U,1口,无线3柜-背,30U,1口,无线3柜-正,10U,13口,B25,背-38U,13口,无线汇聚7706-3,15-24U,XGE4/0/24
9F,3#,2S2350017809,中心AP,33U,XG0/0/4,41U,13口,无线3柜-背,30U,13口,无线3柜-正,10U,37口,B25,背-38U,37口,无线汇聚7706-4,3-12U,XGE4/0/24
9F,4#,2S2350016543,中心AP,33U,XG0/0/3,41U,1口,无线3柜-背,30U,25口,无线3柜-正,10U,14口,B25,背-38U,14口,无线汇聚7706-3,15-24U,XGE4/0/25
9F,4#,2S2350016543,中心AP,33U,XG0/0/4,41U,13口,无线3柜-背,30U,37口,无线3柜-正,10U,38口,B25,背-38U,38口,无线汇聚7706-4,3-12U,XGE4/0/25
9F,15#,102376880845,无线POE交换机,18U,XG0/0/3,38U,1口,无线3柜-背,28U,1口,无线3柜-正,10U,15口,B25,背-38U,15口,无线汇聚7706-3,15-24U,XGE4/0/26
9F,15#,102376880845,无线POE交换机,18U,XG0/0/4,38U,13口,无线3柜-背,28U,13口,无线3柜-正,10U,39口,B25,背-38U,39口,无线汇聚7706-4,3-12U,XGE4/0/26
9F,16#,102376880705,无线POE交换机,24U,XG0/0/3,38U,1口,无线3柜-背,28U,25口,无线3柜-正,10U,16口,B25,背-38U,16口,无线汇聚7706-3,15-24U,XGE4/0/27
9F,16#,102376880705,无线POE交换机,24U,XG0/0/4,38U,13口,无线3柜-背,28U,37口,无线3柜-正,10U,40口,B25,背-38U,40口,无线汇聚7706-4,3-12U,XGE4/0/27
7F,4#,102376880839,POE交换机,24U,XG0/0/3,38U,,外网2柜-背,38U,26口,,,,B09,,,无线汇聚7706-3,15-24U,XGE5/0/23
7F,4#,102376880839,POE交换机,24U,XG0/0/4,38U,,外网2柜-背,38U,27~36口,,,,,,,无线汇聚7706-4,3-12U,XGE5/0/23
4F,1#,4E2390030730,内网接入,24U,XG0/0/3,41U,3口,内网3柜-正,42U,3口,内网3柜-正,8U,22口,B13,背-34U,22口,无线汇聚7706-3,15-24U,XGE2/0/29
4F,1#,4E2390030730,内网接入,24U,XG0/0/4,41U,15口,内网3柜-正,42U,15口,内网3柜-正,4U,22口,B13,背-32U,22口,无线汇聚7706-4,3-12U,XGE2/0/29
4F,2#,4E2390030990,内网接入,24U,XG0/0/3,41U,2口,内网3柜-正,42U,26口,内网3柜-正,8U,23口,B13,背-34U,23口,无线汇聚7706-3,15-24U,XGE2/0/30
4F,2#,4E2390030990,内网接入,24U,XG0/0/4,41U,14口,内网3柜-正,42U,38口,内网3柜-正,4U,23口,B13,背-32U,23口,无线汇聚7706-4,3-12U,XGE2/0/30
6F,3#,102376880716,POE交换机,2柜25U&2柜12U,XG0/0/4,41U,2口,无线3柜-正,20U,2口,无线3柜-正,8U,34口,B25,背-36U,34口,无线汇聚7706-3,15-24U,XGE5/0/24
6F,3#,102376880841,POE交换机,2柜12U&2柜25U,XG0/0/4,41U,14口,无线3柜-正,20U,14口,无线3柜-正,8U,46口,B25,背-36U,46口,无线汇聚7706-4,3-12U,XGE5/0/24
B2,8#,0W20011601018,POE交换机,8口-非机架式,g0/9,38U,1口,无线1柜-背,42U,25口,无线1柜-正,10U,2口,B25,背-42U,2口,无线汇聚7706-3,15-24U,XGE3/0/1
B2,3#,4E23A0007924,POE交换机,26U,GI0/25,39U,1口,无线1柜-正,18U,1口,无线1柜-正,8U,1口,B24,背-36U,25口,无线汇聚7706-1,15-24U,XGE5/0/26
B3,B-4#,0W20011601017,POE交换机,8口-非机架式,GI0/9,38U,1口,无线1柜-正,24U,25口,无线1柜-正,12U,20口,B24,背-42U,20口,无线汇聚7706-1,15-24U,XGE3/0/19
B3,B-2#,0W20011601020,POE交换机,8口-非机架式,GI0/9,38U,1口,无线1柜-正,26U,1口,无线1柜-正,12U,17口,B24,背-42U,17口,无线汇聚7706-1,15-24U,XGE3/0/16
B3,B-6#,0W20011601019,POE交换机,8口-非机架式,GI0/9,38U,1口,无线1柜-正,32U,1口,无线1柜-正,12U,11口,B24,背-42U,11口,无线汇聚7706-1,15-24U,XGE3/0/10
B3,B-3#,4E23A0008182,POE交换机,27U,GI0/25,38U,3口,无线1柜-正,24U,3口,无线1柜-正,12U,19口,B24,背-42U,19口,无线汇聚7706-1,15-24U,XGE3/0/18
B3,15-2#,4E23A0008114,POE交换机,27U,GI0/25,38U,1口,无线1柜-正,28U,1口,无线1柜-正,12U,15口,B24,背-42U,15口,无线汇聚7706-1,15-24U,XGE3/0/14
2F,7#,102377155408,中心AP,21U,XG0/0/3,41U,2口,无线2柜-背,28U,26口,无线2柜-正,12U,14口,B24,背-40U,14口,无线汇聚7706-1,15-24U,XGE3/0/41
2F,7#,102377155408,中心AP,21U,XG0/0/4,41U,14口,无线2柜-背,28U,38口,无线2柜-正,12U,36口,B24,背-40U,36口,无线汇聚7706-2,3-12U,XGE3/0/41
